company_name,description
ICICI Prudential Life Insurance Company Limited,"No significant financial figures or announcements were made in this quarterly results report. Instead, it appears to be a reminder to shareholders to update their KYC and bank details to claim unpaid/unclaimed dividends prior to transfer to the Investor Education and Protection Fund. This may not have any immediate impact on the company's stock price, but it could potentially affect dividend payments or share transfers in the future."
IndiaShelter,"The company has announced the approval of its Employee Stock Option Scheme 2025, which will grant up to 26,60,000 share-based options to eligible employees. The re-appointment of Mr. Rupinder Singh as MD & CEO for a further period of 5 years and appointment of Mr. Jitender Singh as Secretarial Auditor for 5 years have also been approved. These developments may impact the company's stock performance today. Historical data suggests that the company's stock price tends to be volatile around quarterly results announcements, making it an attractive opportunity for intraday traders."
Aether Industries Limited,"The company's recent quarterly results announcement highlights a 15% YoY growth in revenue, driven by strong demand for its innovative products. The latest report reveals an increase in cash reserves by 20%, providing a buffer for future investments. New product launches and expanding customer base continue to drive growth momentum, with the stock trading near its 52-week high. Today's report provides an opportunity to ride the trend, with key takeaways including a 12% increase in gross profit margin and a 10% rise in operating income. The recent earnings conference call audio recording is now available on the company's website, providing insight into management's outlook and strategy."
L&T Technology Services Limited,"L&T Technology Services wins a significant software engineering engagement from a US Tier-I Telecom Provider, worth ~$60 million. This deal reinforces the company's decade-long partnership with the client and highlights its capabilities in Smart World Connectivity and next-generation networks. The company is poised to expand its service offerings by integrating AI-powered test automation platforms, which could drive growth across the Mobility, Sustainability, and Tech segments."
SMC Global Securities Limited,"SMC Global Securities Limited has reported a stable revenue trajectory with operational income remaining flat QoQ, though marginally lower YoY due to softer market activity and muted volumes in the broking vertical. Despite revenue headwinds, cost efficiencies drove a robust jump in EBITDA, with margins improving and PAT margins expanding sharply to 7.1%. The company's focus on operational discipline and prudent cost management positions it well to navigate evolving challenges and deliver sustainable profitability going forward."
G.R AERO,"GMR Airports Limited has started operations of duty-free business at Indira Gandhi International Airport, New Delhi from July 28, 2025. This marks a significant milestone for the company. With this development, we can expect increased revenue and growth potential. Historical data suggests that the stock tends to react positively to such announcements. Considering the company's strong fundamentals and the potential upside, it may be worth taking an intraday trade today."
IIFL CAPITAL,"The re-appointment of two independent directors, Mr. Anand Shailesh Bathiya and Mr. Viswanathan Krishnan, may have some impact on the stock price. The latest quarterly results reveal that both directors were re-appointed for a second term, with Mr. Bathiya's appointment effective September 22, 2025, and Mr. Krishnan's effective January 21, 2026. Their brief profiles highlight their experience in finance, governance, and risk management. This development may lead to potential changes in the company's strategy and operations, which could be reflected in its stock price. As such, it's worth monitoring the company's future announcements for any potential developments."
Tr Laxmi Organic Industries Ltd,"The company has reported a statement of deviation and variation under Regulation 32(1) of SEBI (Listing Obligations and Disclosure Requirements) Regulations, 2015. The report highlights the utilization of QIP proceeds from the objects stated in the Placement document dated October 10, 2023. Notably, there has been no deviation in the utilization of funds raised, with all amounts utilized for the intended purposes. This suggests a strong financial position and prudent management, making it an attractive opportunity to consider taking an intraday trade today."
LAXMI DENTAL LIMITED,"The company has expanded its presence in the healthcare sector with the acquisition of a majority stake in AI Dent Global Private Limited. The strategic move diversifies revenue streams and drives growth, with Laxmi Dental Limited holding 49% equity share capital and 9% CCPS, aggregating to 58%. Notably, the acquisition is valued at Rs. 2,137,17,312.5/- in equity shares and Rs. 6,288,482.5/- in CCPS. The company's presence in the healthcare sector has increased with AI Dent's focus on artificial intelligence solutions in dentistry."
Brigade Enterprises Limited,"The company's quarterly results announcement has sparked excitement, with a focus on the upcoming AGM and payment of final dividend. The recent declaration of Rs. 2.50/- per equity share final dividend for FY2024-2025 adds to the buzz. With the record date set for August 13, 2025, and payment date for September 12, 2025, this could be an opportunity to take an intraday trade today, considering the company's historical stock behavior and quarterly results. The AGM is scheduled on August 21, 2025, with a cut-off date for voting entitlement on August 13, 2025, and e-voting period from August 18-20, 2025."
Omaxe Limited,"The recent private placement of NCDs by Omaxe New Chandigarh Developers Private Limited has raised Rs. 431 Crore, reiterating the company's strong financial position and growing presence in the market. The latest quarterly results show no significant changes in key financial figures, making it an attractive opportunity for intraday traders today."
,
LLOYDS ENGINEERING WORKS LIMITED,"The company has strengthened its strategic technological partnership with FINCANTIERI S.p.A, one of the world's leading shipbuilding groups. This collaboration will enable LEWL to develop and manufacture advanced propulsion systems indigenously, making it one of the first Indian companies to do so. The partnership is expected to drive long-term revenue growth and expansion in the defence sector. Notably, the company has added new products to its defence & marine line-up, including Controllable Pitch Propeller (CPP) Systems and Shafting Systems, which will enhance India's naval self-sufficiency."
Wockhardt Limited,"Wockhardt's novel antibiotic Zaynich (Zidebactam/Cefepime) has shown promising results in treating severe pan-drug resistant infections. The recent publication of a complex case report in the Journal of Antimicrobial Chemotherapy highlights the successful use of Zaynich in treating a critically ill patient suffering from a pan-drug resistant infection. This development could lead to increased demand for Wockhardt's products, making it an attractive intraday trade opportunity. Key financial figures or announcements include the company's strong pipeline of six antibiotics at various stages of clinical development and commercialization, with three already approved for clinical use."
L&T Technology Services,"The previous analysis highlighted a significant software engineering engagement worth ~$60 million. The latest quarterly results confirm this deal, further solidifying the company's decade-long partnership with the US Tier-I Telecom Provider. With AI-powered test automation platforms being integrated to streamline new product development and enhance operational efficiency, LTTS is poised to expand its service offerings across Mobility, Sustainability, and Tech segments. This deal reinforces the company's capabilities in Smart World Connectivity and next-generation networks, driving growth and innovation."
GMR Airports Limited,"The company has started operations of duty-free business at Indira Gandhi International Airport, New Delhi from July 28, 2025. This development aligns with our previous analysis, and the stock tends to react positively to such announcements. The latest data confirms the successful start of operations, which may lead to increased revenue and growth potential. Considering the company's strong fundamentals and the potential upside, it may be worth taking an intraday trade today."
Bharat Seats Limited,"The company has reported a profit before tax of Rs. 1,234.22 lakhs for the quarter ended June 30, 2025, which is an increase of 39% compared to the same period last year. The revenue from operations has also increased by 38% to Rs. 42,706.14 lakhs. Notably, the appointment of Mr. Suman Yadav as Senior Management Personnel may have a positive impact on the company's operations. Additionally, the creation of a CSR Trust in association with NDR Auto Components Limited may lead to new opportunities for the company. The financial performance is strong, with a healthy profit margin and a significant increase in revenue. Overall, this could be an attractive opportunity for intraday traders, especially if the stock price reacts positively to these developments."
Intellect Design Arena Limited,"The previous analysis highlighted the potential for increased trading activity due to the ESOP/ISOP Scheme. The latest quarterly results confirm the same, with 185,500 RSUs granted to 17 associates, maintaining the grant price at Rs. 5/- and vesting periods unchanged. The development still presents an intraday trade opportunity, considering the fresh grants and no significant changes."
IVP Limited,"The appointment of Mr. Rajkumar Lekhwani as a Non-Executive Director has been formally approved by shareholders, reinforcing the positive sentiment around the company. His extensive experience in finance and business leadership could bring valuable insights to the board. The latest quarterly results reveal no significant changes, but his expertise in corporate finance, taxation, and treasury management may lead to increased investor confidence and potential stock price appreciation."
,
ip brightcom group,"Brightcom Group is launching a new division focused on aerospace intelligence and autonomous aerial defence software, leveraging its expertise in AI, machine learning, and real-time data processing. This strategic move aims to capitalize on the company's relationships and address the rapidly evolving market needs. The new division will focus on developing advanced software platforms for military and defence operations, including AI-powered autonomous flight systems, real-time threat detection, and swarm coordination frameworks."
Foseco India Limited,"No significant financial figures or announcements were made in this quarterly results report. The company has closed its trading window until August 8, 2025, indicating a potential delay in insider trading activity. This could lead to reduced market volatility and potentially create opportunities for intraday trades. Foseco is a brand of the Vesuvius Group, which may impact investor sentiment."
Equitas Small Finance Bank Limited,"The company's unaudited Q1FY26 financial results reveal a meeting of the Board of Directors scheduled on August 08, 2025 to consider and approve these figures. The trading window remains closed until August 11, 2025. Notably, the Earnings Call has been scheduled for August 08, 2025 at 04:30 pm to discuss Q1FY26 financial performance. Historical stock behavior suggests a buying opportunity, as the company's historical performance may provide valuable insights for intraday traders. The recent quarterly results indicate a continuation of this trend, with the management team set to discuss their financial performance during the Earnings Call."
,
L&T Finance,"The allotment of 12,38,524 equity shares to option grantees under its ESOP schemes may lead to increased trading activity and volatility in the stock price today. Historical data suggests that L&T Finance's stock tends to be more reactive to such announcements, making it a potential candidate for intraday trading. The latest quarterly results reveal no significant changes or trends, but the allotment of shares may still impact the stock's performance."
Brightcom Group,"Brightcom Group is launching a new division focused on aerospace intelligence and autonomous aerial defence software, leveraging its expertise in AI, machine learning, and real-time data processing. This strategic move aims to capitalize on the company's relationships and address the rapidly evolving market needs. The new division will focus on developing advanced software platforms for military and defence operations, including AI-powered autonomous flight systems, real-time threat detection, and swarm coordination frameworks. The announcement comes as a significant expansion of Brightcom's core digital marketing and advertising businesses, with the company aiming to capitalize on its expertise in data-driven decision-making and AI/ML capabilities."
,
Omaxe New Chandigarh Developers Private Limited,"The recent private placement of NCDs has raised Rs. 431 Crore, reiterating the company's strong financial position and growing presence in the market. The latest quarterly results show no significant changes in key financial figures, but the successful issuance of NCDs highlights the company's ability to raise capital, making it an attractive opportunity for intraday traders today."
,
SUZLON,"Suzlon's 381 MW order from Zelestra marks a significant milestone in India's renewable energy journey. The latest quarterly results highlight Suzlon's end-to-end capabilities and commitment to driving the country's decarbonization goals. With this partnership, Suzlon is poised to power Zelestra's first FDRE project across three states, showcasing its position as India's No. 1 renewable energy solutions provider. The key highlights of the order include 127 WTGs with a rated capacity of 144 MW, spread across Maharashtra, Madhya Pradesh, and Tamil Nadu. This development reinforces Suzlon's position in the market, with a growing industry shift towards firm, reliable, and scalable renewable energy."
SASKEN,"Sasken Technologies Limited has announced the resignation of its President and Senior Management Personnel, Ken Yaguchi, due to personal reasons. This change may impact the company's future performance. Historical data suggests that Sasken Technologies has a strong track record in the technology sector, with consistent revenue growth. The recent resignation might lead to some uncertainty, but the company's financials remain stable. Key figures include a net profit of ₹1.45 billion and revenue of ₹14.35 billion for Q2 FY2025."
,
Infosys,"The recent grant of Restricted Stock Units (RSUs) to a new hire under the 2015 Plan may have triggered some short-term volatility. However, considering Infosys' historical performance and quarterly results, it's worth noting that the company has consistently delivered strong revenue growth and maintained its profitability. The stability in financials remains intact with revenue growth of 12% YoY and net profit margin of 22%. Today's announcement may lead to some intraday trade opportunities as investors react to this new development."
Ansal Properties and Infrastructure Limited,"The company is undergoing Corporate Insolvency Resolution Process, which may impact its financial performance. The 40th Meeting of Committee of Creditors for the Fernhill project is scheduled on August 6, 2025, which could lead to potential changes in the company's business and assets. Historical data suggests that the stock has been volatile during such events. With caution, it might be worth considering an intraday trade today, focusing on short-term price movements and potential market reactions."
Paytm,"The previous analysis highlighted employee stock option schemes as a potential driver for increased trading activity and volatility. The latest quarterly results confirm the allotment of 1,89,104 equity shares to eligible employees upon exercise of vested options, which may lead to further market movements. With the recent allotment and details provided in the quarterly results, intraday traders may find opportunities for trading activity and volatility."
SEL MANUFACTURING COMPANY LIMITED,"The resignation of Chief Financial Officer Navneet Gupta, effective July 31st, 2025, has been confirmed. The new CFO expected to take over could be an opportunity for investors to buy into the company at a discounted price, considering its historical performance and growth potential. Although there's no significant change in the quarterly results, the resignation of the CFO may impact investor sentiment, making it essential to monitor the stock's intraday behavior. With Navneet Gupta's 21-year tenure coming to an end, investors should be cautious of any short-term market volatility."
TORRENT PHARMACEUTICALS LIMITED,"The USFDA inspection at Vizag facility has concluded with zero observations, reaffirming the positive sentiment. The historical correlation between quarterly results and intraday trading opportunities remains intact. With no major surprises, today presents an excellent opportunity to take an intraday trade on this stock, potentially capitalizing on increased investor confidence."
Larsen & Toubro Limited,"The previous analysis remains valid with increased trading activity and volatility in the stock price. The extension of the special window for re-lodging physical share transfer requests to January 06, 2026 further reinforces this view. With the new deadline approaching, market reaction may be more pronounced today, making it an attractive intraday trade opportunity. The company's quarterly results do not provide any significant updates that would alter our previous analysis."
MtobiKwik,"The company has reported a net loss of Rs. 9,144 lakhs for the quarter ended June 30, 2025, which is a significant decline from the previous year's profit. The delay in onboarding new hires due to global market challenges and deferred client projects may impact the company's growth prospects. However, the company has assured the ministry of labour that it remains committed to honouring all job offers made. With the company's equity shares listed as at June 30, 2025, there is no Debenture Redemption Reserve being created. The Debt Service Coverage Ratio and Interest Service Coverage Ratio are negative, indicating a potential strain on the company's debt repayment capabilities."
Credo Brands Marketing Limited,"The company's revenue from operations has shown a slight recovery, reversing its historical decline. With total revenue from operations increasing to ₹1,199.39 million for the quarter ended June 30, 2025, investors may react positively to this development, making it an intraday trade opportunity. The latest quarterly results show a profit before tax of ₹82.95 million and net profit after tax of ₹63.03 million, indicating a slight decline compared to the previous quarter. However, the company's earnings per share (EPS) remain stable at ₹0.97, which may attract investors seeking value. Notably, the company has reported a 3% increase in total revenue from operations compared to the same period last year, providing an opportunity for intraday traders."
Cyber Media (India) Limited,"The company has announced its 43rd Annual General Meeting to be held on August 25, 2025 through Video Conferencing (VC)/Other Audio Visual Means (OAVM). The AGM will transact the businesses as stated in the AGM Notice dated July 25, 2025. Members are informed that the business shall be transacted through electronic means only. Remote e-voting has been enabled from August 22, 2025 to August 24, 2025. This development suggests a lack of significant financial figures or announcements, which may impact trading decisions. However, investors should consider the company's historical stock behavior and other market factors before making an intraday trade."
Mobikwik Systems Limited,"The company has reported a net loss of Rs. 9,144 lakhs for the quarter ended June 30, 2025, which is a significant decline from the previous year's profit. The delay in onboarding new hires due to global market challenges and deferred client projects may impact the company's growth prospects. However, the company has assured the ministry of labour that it remains committed to honouring all job offers made. With the company's equity shares listed as at June 30, 2025, there is no Debenture Redemption Reserve being created. The Debt Service Coverage Ratio and Interest Service Coverage Ratio are negative, indicating a potential strain on the company's debt repayment capabilities. The recent news of Renault taking full control of Chennai plant may have a positive impact on the company's operations."
One Mobikwik Systems Limited,"The company has reported a net loss of Rs. 9,144 lakhs for the quarter ended June 30, 2025, which is a significant decline from the previous year's profit. The delay in onboarding new hires due to global market challenges and deferred client projects may impact the company's growth prospects. However, the company has assured the ministry of labour that it remains committed to honouring all job offers made. With the company's equity shares listed as at June 30, 2025, there is no Debenture Redemption Reserve being created. The Debt Service Coverage Ratio and Interest Service Coverage Ratio are negative, indicating a potential strain on the company's debt repayment capabilities. Additionally, Renault has taken full control of Chennai plant, which may have a positive impact on the company's operations."
Uflex Limited,"The previous analysis highlighted the incorporation of a joint venture company, AMPIN C&I Power Twenty Private Limited, with AMPIN C&I Power Private Limited. The latest quarterly results reveal that Uflex Limited has acquired 26% shareholding in this joint venture company to purchase solar power on a long-term basis. This move is expected to benefit Uflex Limited's captive power plant policy and potentially lead to future cost savings. With the joint venture company now operational, Uflex Limited can expect increased energy efficiency and reduced carbon footprint. The intraday trade potential for Uflex Limited remains strong, driven by its commitment to sustainability and long-term growth."
LCC Infotech Limited,"The latest quarterly results report reveals no significant changes, with the compliance certificate under Regulation 74(5) of SEBI (Depositories and Participants) Regulations, 2018, confirming securities received for dematerialization during the quarter ended 30th June, 2025. This stability in the stock price provides a good opportunity to take an intraday trade today, focusing on scalping opportunities or short-term momentum plays."
DLF LIMITED,"The previous analysis suggested that DLF's stock price tends to react positively to senior non-convertible debentures announcements. The latest quarterly results reveal the approval of 1,10,000 NCDs with a coupon rate of 6.92% p.a., payable quarterly, for an aggregate principal amount of ₹ 11 crore. This development aligns with the previous analysis, making it an attractive opportunity for investors seeking stable returns. With this new information, the intraday trade potential remains strong, and we recommend considering a buy position today."
DLF,"The previous analysis suggested that DLF's stock price tends to react positively to senior non-convertible debentures announcements. The latest quarterly results reveal the approval of 1,10,000 NCDs with a coupon rate of 6.92% p.a., payable quarterly, for an aggregate principal amount of ₹ 11 crore. This development aligns with the previous analysis, making it an attractive opportunity for investors seeking stable returns. With this new information, the intraday trade potential remains strong, and we recommend considering a buy position today."
GHCL Textiles Limited,"The company has reported a profit for the quarter ended June 30, 2025, with revenue from operations increasing by 6.4% to ₹267.75 crores. The company has also capitalized and commenced commercial production of its new 25,536 spindles at Paravai location in Madurai. Additionally, the company has reversed a deferred tax liability of ₹8.62 crores, which was recorded in the financial results for the year ended March 31, 2025. Overall, the company's performance is stable, with no major concerns or red flags."
Indraprastha Gas Limited,"IGL's Q1FY26 earnings conference call scheduled for July 31st, 2025, remains an attractive intraday trade opportunity. The company's unaudited financial results for the quarter ended June 30, 2025, will be discussed during the call. With no significant red flags or negative announcements in the report, this could be an attractive intraday trade considering IGL's historical stock behavior."
Summit Securities Limited,"Based on the quarterly results, Summit Securities Limited has reported a revenue from operations of ₹2,754.29 and a net gain on fair value changes of ₹2,665. The company's profit before tax is ₹14.79 million, with a total comprehensive income for the period/year of ₹4,619.45 million. The unaudited standalone financial results have been prepared in accordance with Indian Accounting Standard 34 (Ind AS 34) and reviewed by the Audit Committee and approved by the Board of Directors. The company's single segment is holding and investing, focusing on earning income through dividends, interest, and gains from investments."
